Title,Category,Author,Publisher,Publish Date,ISBN,Pages,Country,Language,Dimension,File Size,Download Link,Buy Link,Co -Publisher,ISBN-13,Regular Price,Sale Price,Cost Type,Featured,Weight,Img URL,Description
Archéologie et carrières de granulats de l'’Yonne. Bilan 1994,Urdu-Adab,Anjuman Taraqqi Urdu (Hind),Anjuman Taraqqi Urdu (Hind),9/10/2022,0,123,India,Urdu,5*7 inch,3mb,,,,,,,,yes,1lb,https://cbw.efr.mybluehostin.me/wp-content/uploads/2022/09/UAdab.jpg,
,,,,,,,,,,,,,,,,,,,,,
,,,,,,,,,,,,,,,,,,,,,
,,,,,,,,,,,,,,,,,,,,,
,,,,,,,,,,,,,,,,,,,,,
,,,,,,,,,,,,,,,,,,,,,
,,,,,,,,,,,,,,,,,,,,,
,,,,,,,,,,,,,,,,,,,,,
,,,,,,,,,,,,,,,,,,,,,
,,,,,,,,,,,,,,,,,,,,,
,,,,,,,,,,,,,,,,,,,,,
,,,,,,,,,,,,,,,,,,,,,
,,,,,,,,,,,,,,,,,,,,,
,,,,,,,,,,,,,,,,,,,,,
